id,URL,SOURCE
1,http://cdn.playwire.com,blocked-websites-MSM-world-cup.txt
2,http://embedupload.com,blocked-websites-MSM-world-cup.txt
3,http://1fichier.com,blocked-websites-MSM-world-cup.txt
4,http://crocko.com,blocked-websites-MSM-world-cup.txt
5,http://multiupload.nl,blocked-websites-MSM-world-cup.txt
6,http://uppit.com,blocked-websites-MSM-world-cup.txt
7,http://solidfiles.com,blocked-websites-MSM-world-cup.txt
8,http://bayfiles.net,blocked-websites-MSM-world-cup.txt
9,http://tusfiles.net,blocked-websites-MSM-world-cup.txt
10,http://bitshare.com,blocked-websites-MSM-world-cup.txt
11,http://muchshare.net,blocked-websites-MSM-world-cup.txt
12,http://mega.co.nz,blocked-websites-MSM-world-cup.txt
13,http://share-online.biz,blocked-websites-MSM-world-cup.txt
14,http://sendspace.com,blocked-websites-MSM-world-cup.txt
15,http://real4download.com,blocked-websites-MSM-world-cup.txt
16,http://telugumphttp://biz,blocked-websites-MSM-world-cup.txt
17,http://wapkafiles.com,blocked-websites-MSM-world-cup.txt
18,http://telugumasthi.wapka.me,blocked-websites-MSM-world-cup.txt
19,http://telugustar.net,blocked-websites-MSM-world-cup.txt
20,http://myteluguwap.net,blocked-websites-MSM-world-cup.txt
21,http://shttp://myteluguwap.net,blocked-websites-MSM-world-cup.txt
22,http://filestube.to,blocked-websites-MSM-world-cup.txt
23,http://ul.to,blocked-websites-MSM-world-cup.txt
24,http://mightyupload.com,blocked-websites-MSM-world-cup.txt
25,http://uploaded.net,blocked-websites-MSM-world-cup.txt
26,http://freakshare.com,blocked-websites-MSM-world-cup.txt
27,http://putlocker.com,blocked-websites-MSM-world-cup.txt
28,http://uploadable.ch,blocked-websites-MSM-world-cup.txt
29,http://safelinking.net,blocked-websites-MSM-world-cup.txt
30,http://ultramegabit.com,blocked-websites-MSM-world-cup.txt
31,http://terafile.co,blocked-websites-MSM-world-cup.txt
32,http://fileom.com,blocked-websites-MSM-world-cup.txt
33,http://d0http://megashares.com,blocked-websites-MSM-world-cup.txt
34,http://dizzcloud.com,blocked-websites-MSM-world-cup.txt
35,http://lumfile.com,blocked-websites-MSM-world-cup.txt
36,http://fileparadox.in,blocked-websites-MSM-world-cup.txt
37,http://nitrobits.com,blocked-websites-MSM-world-cup.txt
38,http://filemonkey.in,blocked-websites-MSM-world-cup.txt
39,http://fastshare.cz,blocked-websites-MSM-world-cup.txt
40,http://keep2share.cc,blocked-websites-MSM-world-cup.txt
41,http://k2s.cc,blocked-websites-MSM-world-cup.txt
42,http://sharerepo.com,blocked-websites-MSM-world-cup.txt
43,http://depositfiles.com,blocked-websites-MSM-world-cup.txt
44,http://rapidshare.com,blocked-websites-MSM-world-cup.txt
45,http://filerio.com,blocked-websites-MSM-world-cup.txt
46,http://goo.gl,blocked-websites-MSM-world-cup.txt
47,http://fcore.eu,blocked-websites-MSM-world-cup.txt
48,http://anonfiles.com,blocked-websites-MSM-world-cup.txt
49,http://adf.ly,blocked-websites-MSM-world-cup.txt
50,http://megafiles.se,blocked-websites-MSM-world-cup.txt
51,http://exashare.com,blocked-websites-MSM-world-cup.txt
52,http://primeshare.tv,blocked-websites-MSM-world-cup.txt
53,http://uploadc.com,blocked-websites-MSM-world-cup.txt
54,http://epicshare.net,blocked-websites-MSM-world-cup.txt
55,http://dwn.so,blocked-websites-MSM-world-cup.txt
56,http://uploadhero.com,blocked-websites-MSM-world-cup.txt
57,http://dfiles.eu,blocked-websites-MSM-world-cup.txt
58,http://thefile.me,blocked-websites-MSM-world-cup.txt
59,http://nosupload.com,blocked-websites-MSM-world-cup.txt
60,http://uploadsat.com,blocked-websites-MSM-world-cup.txt
61,http://shareflare.net,blocked-websites-MSM-world-cup.txt
62,http://letitbit.net,blocked-websites-MSM-world-cup.txt
63,http://filesfrog.net,blocked-websites-MSM-world-cup.txt
64,http://unlimitzone.com,blocked-websites-MSM-world-cup.txt
65,http://uploadrocket.net,blocked-websites-MSM-world-cup.txt
66,http://secureupload.eu,blocked-websites-MSM-world-cup.txt
67,http://hulkfile.eu,blocked-websites-MSM-world-cup.txt
68,http://tusfiles.co.nz,blocked-websites-MSM-world-cup.txt
69,http://filehoot.com,blocked-websites-MSM-world-cup.txt
70,http://jumbofiles.com,blocked-websites-MSM-world-cup.txt
71,http://usefile.com,blocked-websites-MSM-world-cup.txt
72,http://clicktoview.org,blocked-websites-MSM-world-cup.txt
73,http://180upload.nl,blocked-websites-MSM-world-cup.txt
74,http://hitfile.net,blocked-websites-MSM-world-cup.txt
75,http://easybytez.com,blocked-websites-MSM-world-cup.txt
76,http://crisshare.com,blocked-websites-MSM-world-cup.txt
77,http://vip-file.com,blocked-websites-MSM-world-cup.txt
78,http://ufile.eu,blocked-websites-MSM-world-cup.txt
79,http://jheberg.net,blocked-websites-MSM-world-cup.txt
80,http://dl.free.fr,blocked-websites-MSM-world-cup.txt
81,http://2shared.com,blocked-websites-MSM-world-cup.txt
82,http://sharebeast.com,blocked-websites-MSM-world-cup.txt
83,http://cramit.in,blocked-websites-MSM-world-cup.txt
84,http://ryushare.com,blocked-websites-MSM-world-cup.txt
85,http://teluguworld.asia,blocked-websites-MSM-world-cup.txt
86,http://twap.in,blocked-websites-MSM-world-cup.txt
87,http://vshare.eu,blocked-websites-MSM-world-cup.txt
88,http://108.59.3.225:182,blocked-websites-MSM-world-cup.txt
89,http://megafilesfactory.com,blocked-websites-MSM-world-cup.txt
90,http://199.91.152.94,blocked-websites-MSM-world-cup.txt
91,http://205.196.121.39,blocked-websites-MSM-world-cup.txt
92,http://199.91.152.86,blocked-websites-MSM-world-cup.txt
93,http://199.91.154.157,blocked-websites-MSM-world-cup.txt
94,http://205.196.123.194,blocked-websites-MSM-world-cup.txt
95,http://205.196.123.8,blocked-websites-MSM-world-cup.txt
96,http://205.196.123.182,blocked-websites-MSM-world-cup.txt
97,http://mhnwap.wapka.me,blocked-websites-MSM-world-cup.txt
98,http://mhnwap.wapka.mobi,blocked-websites-MSM-world-cup.txt
99,http://realitytelevisionportal.eu,blocked-websites-MSM-world-cup.txt
100,http://dorabuzz.in,blocked-websites-MSM-world-cup.txt
101,http://foncity.in,blocked-websites-MSM-world-cup.txt
102,http://toonvideos.in,blocked-websites-MSM-world-cup.txt
103,http://bestcartoon.wapka.mobi,blocked-websites-MSM-world-cup.txt
104,http://wap.dorabuzz.in,blocked-websites-MSM-world-cup.txt
105,http://playpanda.net,blocked-websites-MSM-world-cup.txt
106,http://playhttp://net,blocked-websites-MSM-world-cup.txt
107,http://shared.sx,blocked-websites-MSM-world-cup.txt
108,http://mega-vids.com,blocked-websites-MSM-world-cup.txt
109,http://promptfile.com,blocked-websites-MSM-world-cup.txt
110,http://4upfiles.com,blocked-websites-MSM-world-cup.txt
111,http://filemoney.com,blocked-websites-MSM-world-cup.txt
112,http://lemuploads.com,blocked-websites-MSM-world-cup.txt
113,http://anysend.com,blocked-websites-MSM-world-cup.txt
114,http://luckyshare.net,blocked-websites-MSM-world-cup.txt
115,http://filedap.com,blocked-websites-MSM-world-cup.txt
116,http://junocloud.me,blocked-websites-MSM-world-cup.txt
117,http://filevice.com,blocked-websites-MSM-world-cup.txt
118,http://v-vids.com,blocked-websites-MSM-world-cup.txt
119,http://quickyshare.net,blocked-websites-MSM-world-cup.txt
120,http://tumi.tv,blocked-websites-MSM-world-cup.txt
121,http://mp4star.com,blocked-websites-MSM-world-cup.txt
122,http://sockshare.ws,blocked-websites-MSM-world-cup.txt
123,http://uploadcrazy.net,blocked-websites-MSM-world-cup.txt
124,http://uploadboy.com,blocked-websites-MSM-world-cup.txt
125,http://putlocker.ws,blocked-websites-MSM-world-cup.txt
126,http://filenuke.net,blocked-websites-MSM-world-cup.txt
127,http://docs.google.com,blocked-websites-MSM-world-cup.txt
128,http://dotsemper.com,blocked-websites-MSM-world-cup.txt
129,http://upload.com,blocked-websites-MSM-world-cup.txt
130,http://cloudyvideos.com,blocked-websites-MSM-world-cup.txt
131,http://v.youku.com,blocked-websites-MSM-world-cup.txt
132,http://movzap.com,blocked-websites-MSM-world-cup.txt
133,http://googlevideo.com,blocked-websites-MSM-world-cup.txt
134,http://vertor.eu,blocked-websites-MSM-world-cup.txt
135,http://dramautubes.com,blocked-websites-MSM-world-cup.txt
136,http://nosvideo.com,blocked-websites-MSM-world-cup.txt
137,http://vreer.com,blocked-websites-MSM-world-cup.txt
138,http://vidxden.com,blocked-websites-MSM-world-cup.txt
139,http://divxstage.eu,blocked-websites-MSM-world-cup.txt
140,http://rapidvideo.tv,blocked-websites-MSM-world-cup.txt
141,http://vidspot.net,blocked-websites-MSM-world-cup.txt
142,http://freshvideo.net,blocked-websites-MSM-world-cup.txt
143,http://vidbux.com,blocked-websites-MSM-world-cup.txt
144,http://vidplay.net,blocked-websites-MSM-world-cup.txt
145,http://vidup.me,blocked-websites-MSM-world-cup.txt
146,http://video.tt,blocked-websites-MSM-world-cup.txt
147,http://modovideo.com,blocked-websites-MSM-world-cup.txt
148,http://youwatch.org,blocked-websites-MSM-world-cup.txt
149,http://magnovideo.com,blocked-websites-MSM-world-cup.txt
150,http://videobam.com,blocked-websites-MSM-world-cup.txt
151,http://sharexvid.com,blocked-websites-MSM-world-cup.txt
152,http://videoslasher.com,blocked-websites-MSM-world-cup.txt
153,http://nowvideo.ch,blocked-websites-MSM-world-cup.txt
154,http://donevideo.com,blocked-websites-MSM-world-cup.txt
155,http://videozed.net,blocked-websites-MSM-world-cup.txt
156,http://vidhog.com,blocked-websites-MSM-world-cup.txt
157,http://vidzi.tv,blocked-websites-MSM-world-cup.txt
158,http://streamin.to,blocked-websites-MSM-world-cup.txt
159,http://thevideo.me,blocked-websites-MSM-world-cup.txt
160,http://vidzbeez.com,blocked-websites-MSM-world-cup.txt
161,http://divxpress.com,blocked-websites-MSM-world-cup.txt
162,http://nubestream.com,blocked-websites-MSM-world-cup.txt
163,http://divxstream.net,blocked-websites-MSM-world-cup.txt
164,http://videobb.com,blocked-websites-MSM-world-cup.txt
165,http://divxden.com,blocked-websites-MSM-world-cup.txt
166,http://mixturecloud.com,blocked-websites-MSM-world-cup.txt
167,http://divxstage.net,blocked-websites-MSM-world-cup.txt
168,http://videowood.tv,blocked-websites-MSM-world-cup.txt
169,http://hostingbulk.com,blocked-websites-MSM-world-cup.txt
170,http://playit.pk,blocked-websites-MSM-world-cup.txt
171,http://movpod.net,blocked-websites-MSM-world-cup.txt
172,http://daclips.com,blocked-websites-MSM-world-cup.txt
173,http://slickvid.com,blocked-websites-MSM-world-cup.txt
174,http://videofun.me,blocked-websites-MSM-world-cup.txt
175,http://video44.net,blocked-websites-MSM-world-cup.txt
176,http://yucache.net,blocked-websites-MSM-world-cup.txt
177,http://moevideos.net,blocked-websites-MSM-world-cup.txt
178,http://videomega.tv,blocked-websites-MSM-world-cup.txt
179,http://vidpaid.com,blocked-websites-MSM-world-cup.txt
180,http://sharevid.org,blocked-websites-MSM-world-cup.txt
181,http://zuzvideo.com,blocked-websites-MSM-world-cup.txt
182,http://video.vidcrazy.net,blocked-websites-MSM-world-cup.txt
183,http://videovalley.net,blocked-websites-MSM-world-cup.txt
184,http://videoboxone.com,blocked-websites-MSM-world-cup.txt
185,http://vidcrazy.net,blocked-websites-MSM-world-cup.txt
186,http://vodu.ch,blocked-websites-MSM-world-cup.txt
187,http://watchfreeinhd.com,blocked-websites-MSM-world-cup.txt
188,http://veehd.com,blocked-websites-MSM-world-cup.txt
189,http://movdivx.com,blocked-websites-MSM-world-cup.txt
190,http://blip.tv,blocked-websites-MSM-world-cup.txt
191,http://animeuploads.com,blocked-websites-MSM-world-cup.txt
192,http://videohub.ws,blocked-websites-MSM-world-cup.txt
193,http://hdwide.co,blocked-websites-MSM-world-cup.txt
194,http://stormvid.co,blocked-websites-MSM-world-cup.txt
195,http://neovid.me,blocked-websites-MSM-world-cup.txt
196,http://hawkhd.me,blocked-websites-MSM-world-cup.txt
197,http://streamland.cc,blocked-websites-MSM-world-cup.txt
198,http://vidshark.ws,blocked-websites-MSM-world-cup.txt
199,http://vidspace.cc,blocked-websites-MSM-world-cup.txt
200,http://vids.bz,blocked-websites-MSM-world-cup.txt
201,http://play.flashx.tv,blocked-websites-MSM-world-cup.txt
202,http://videoweed.es,blocked-websites-MSM-world-cup.txt
203,http://torrenthound.com,blocked-websites-MSM-world-cup.txt
204,http://nowvideo.sx,blocked-websites-MSM-world-cup.txt
205,http://limetorrents.com,blocked-websites-MSM-world-cup.txt
206,http://novamov.com,blocked-websites-MSM-world-cup.txt
207,http://torrentfunk.com,blocked-websites-MSM-world-cup.txt
208,http://torrents.net,blocked-websites-MSM-world-cup.txt
209,http://wapkafile.com,blocked-websites-MSM-world-cup.txt
210,http://thepiratebay.org,blocked-websites-MSM-world-cup.txt
211,http://torlock.com,blocked-websites-MSM-world-cup.txt
212,http://movshare.net,blocked-websites-MSM-world-cup.txt
213,http://unblockedpiratebay-proxy.com,blocked-websites-MSM-world-cup.txt
214,http://thetorrent.org,blocked-websites-MSM-world-cup.txt
215,http://torrentz.sx,blocked-websites-MSM-world-cup.txt
216,http://thepiratebay.se.unblock.to,blocked-websites-MSM-world-cup.txt
217,http://nowdownload.ch,blocked-websites-MSM-world-cup.txt
218,http://sockshare.com,blocked-websites-MSM-world-cup.txt
219,http://bittorrent.pm,blocked-websites-MSM-world-cup.txt
220,http://uptobox.com,blocked-websites-MSM-world-cup.txt
221,http://torrage.com,blocked-websites-MSM-world-cup.txt
222,http://sumotorrent.sx,blocked-websites-MSM-world-cup.txt
223,http://torrentdownload.ws,blocked-websites-MSM-world-cup.txt
224,http://btmon.com,blocked-websites-MSM-world-cup.txt
225,http://thepiratebay.se,blocked-websites-MSM-world-cup.txt
226,http://1337x.to,blocked-websites-MSM-world-cup.txt
227,http://bthunter.org,blocked-websites-MSM-world-cup.txt
228,http://1337x.org,blocked-websites-MSM-world-cup.txt
229,http://swankshare.com,blocked-websites-MSM-world-cup.txt
230,http://1337xproxy.in,blocked-websites-MSM-world-cup.txt
231,http://torrentz.dj,blocked-websites-MSM-world-cup.txt
232,http://torrentcrazy.ee,blocked-websites-MSM-world-cup.txt
233,http://filesbomb.in,blocked-websites-MSM-world-cup.txt
234,http://torrentz.is,blocked-websites-MSM-world-cup.txt
235,http://torrentz.am,blocked-websites-MSM-world-cup.txt
236,http://kickassunblock.net,blocked-websites-MSM-world-cup.txt
237,http://torrent.tm,blocked-websites-MSM-world-cup.txt
238,http://oc.ohttp://vc,blocked-websites-MSM-world-cup.txt
239,http://ineedtorrent.net,blocked-websites-MSM-world-cup.txt
240,http://torrenthoundproxy.com,blocked-websites-MSM-world-cup.txt
241,http://torcache.kickassunblock.net,blocked-websites-MSM-world-cup.txt
242,http://kickasstor.net,blocked-websites-MSM-world-cup.txt
243,http://streamupload.org,blocked-websites-MSM-world-cup.txt
244,http://arabloads.net,blocked-websites-MSM-world-cup.txt
245,http://torrentsnet.come.in,blocked-websites-MSM-world-cup.txt
246,http://torrentz.to,blocked-websites-MSM-world-cup.txt
247,http://3gparena.in,blocked-websites-MSM-world-cup.txt
248,http://download-abc.com,blocked-websites-MSM-world-cup.txt
249,http://filmsmaza.com,blocked-websites-MSM-world-cup.txt
250,http://glotorrents.com,blocked-websites-MSM-world-cup.txt
251,http://coolmoviez.com,blocked-websites-MSM-world-cup.txt
252,http://62.210.201.55:81,blocked-websites-MSM-world-cup.txt
253,http://fuckyourcrew.org,blocked-websites-MSM-world-cup.txt
254,http://mimti1.moviesmobile.net,blocked-websites-MSM-world-cup.txt
255,http://sandy1.moviesmobile.net,blocked-websites-MSM-world-cup.txt
256,http://sandy3.moviesmobile.net,blocked-websites-MSM-world-cup.txt
257,http://sandy4.moviesmobile.net,blocked-websites-MSM-world-cup.txt
258,http://thepiratebay.mk,blocked-websites-MSM-world-cup.txt
259,http://dev.torrentz.pro,blocked-websites-MSM-world-cup.txt
260,http://torrentmoviemafia.com,blocked-websites-MSM-world-cup.txt
261,http://1337x.pw,blocked-websites-MSM-world-cup.txt
262,http://share1.moviesmobile.net,blocked-websites-MSM-world-cup.txt
263,http://share2.moviesmobile.net,blocked-websites-MSM-world-cup.txt
264,http://share3.moviesmobile.net,blocked-websites-MSM-world-cup.txt
265,http://share4.moviesmobile.net,blocked-websites-MSM-world-cup.txt
266,http://bayproxy.me,blocked-websites-MSM-world-cup.txt
267,http://sarthaktv.in,blocked-websites-MSM-world-cup.txt
268,http://p2p4ever.com,blocked-websites-MSM-world-cup.txt
269,http://tny.cz,blocked-websites-MSM-world-cup.txt
270,http://torrent-loco.com.ar,blocked-websites-MSM-world-cup.txt
271,http://piraattilahti.org,blocked-websites-MSM-world-cup.txt
272,http://punjabwap.com,blocked-websites-MSM-world-cup.txt
273,http://torrent.ee,blocked-websites-MSM-world-cup.txt
274,http://torrentz.asia,blocked-websites-MSM-world-cup.txt
275,http://fromplay.org,blocked-websites-MSM-world-cup.txt
276,http://proxybay.pw,blocked-websites-MSM-world-cup.txt
277,http://vertor.com,blocked-websites-MSM-world-cup.txt
278,http://katshore.org,blocked-websites-MSM-world-cup.txt
279,http://nl.malaysiabay.org,blocked-websites-MSM-world-cup.txt
280,http://demonoid.ph,blocked-websites-MSM-world-cup.txt
281,http://kickasstorrents.come.in,blocked-websites-MSM-world-cup.txt
282,http://putlocker.cz,blocked-websites-MSM-world-cup.txt
283,http://proxybay.eu,blocked-websites-MSM-world-cup.txt
284,http://3gparina.in,blocked-websites-MSM-world-cup.txt
285,http://89.248.162.148,blocked-websites-MSM-world-cup.txt
286,http://fromplay.com,blocked-websites-MSM-world-cup.txt
287,http://etorrent.co.kr,blocked-websites-MSM-world-cup.txt
288,http://fun4buddy.com,blocked-websites-MSM-world-cup.txt
289,http://livetvindian.com,blocked-websites-MSM-world-cup.txt
290,http://ontohinbd.com,blocked-websites-MSM-world-cup.txt
291,http://pc.rdxhd.com,blocked-websites-MSM-world-cup.txt
292,http://seedpeer.me,blocked-websites-MSM-world-cup.txt
293,http://ukcast.tv,blocked-websites-MSM-world-cup.txt
294,http://ezcast.tv,blocked-websites-MSM-world-cup.txt
295,http://xuscacamusca.se,blocked-websites-MSM-world-cup.txt
296,http://crichd.in,blocked-websites-MSM-world-cup.txt
297,http://122.155.203.9,blocked-websites-MSM-world-cup.txt
298,http://0dian8.com,blocked-websites-MSM-world-cup.txt
299,http://114nba.com,blocked-websites-MSM-world-cup.txt
300,http://360bo.com,blocked-websites-MSM-world-cup.txt
301,http://51live.com,blocked-websites-MSM-world-cup.txt
302,http://52waha.com,blocked-websites-MSM-world-cup.txt
303,http://bf.5xzb.com,blocked-websites-MSM-world-cup.txt
304,http://allsport-live.net,blocked-websites-MSM-world-cup.txt
305,http://antibookers.ru,blocked-websites-MSM-world-cup.txt
306,http://assistirtvonlineaovivo.tv,blocked-websites-MSM-world-cup.txt
307,http://atdhe.eu/,blocked-websites-MSM-world-cup.txt
308,http://atdhe.so/,blocked-websites-MSM-world-cup.txt
309,http://atdhe.xxx/,blocked-websites-MSM-world-cup.txt
310,http://www.atdhehttp://net/,blocked-websites-MSM-world-cup.txt
311,http://www.azhibo.com/,blocked-websites-MSM-world-cup.txt
312,http://barcelonastream.com/,blocked-websites-MSM-world-cup.txt
313,http://www.coolsport.tv/schedule-coolsport-tv.html,blocked-websites-MSM-world-cup.txt
314,http://www.tvole.com/,blocked-websites-MSM-world-cup.txt
315,http://www.drakulastream.eu/,blocked-websites-MSM-world-cup.txt
316,http://esportesaovivo.com/,blocked-websites-MSM-world-cup.txt
317,http://www.feed2all.eu/type/football.html,blocked-websites-MSM-world-cup.txt
318,http://gofirstrowuk.eu/,blocked-websites-MSM-world-cup.txt
319,http://www.footballstreaming.info/,blocked-websites-MSM-world-cup.txt
320,http://www.frombar.com/,blocked-websites-MSM-world-cup.txt
321,http://www.futebolaovivo.net/inicio.php,blocked-websites-MSM-world-cup.txt
322,http://www.online.futebolaovivogratis.org/,blocked-websites-MSM-world-cup.txt
323,http://gooool.org/,blocked-websites-MSM-world-cup.txt
324,http://www.rajangan.me/,blocked-websites-MSM-world-cup.txt
325,http://www.hahasport.com/,blocked-websites-MSM-world-cup.txt
326,http://hdzhibo.com/,blocked-websites-MSM-world-cup.txt
327,http://neolive.net/,blocked-websites-MSM-world-cup.txt
328,http://www.kanqiu.tv/,blocked-websites-MSM-world-cup.txt
329,http://livesport4u.com/,blocked-websites-MSM-world-cup.txt
330,http://livetv.sx/,blocked-websites-MSM-world-cup.txt
331,http://meczelive.tv/,blocked-websites-MSM-world-cup.txt
332,http://www.megatvonline.co/,blocked-websites-MSM-world-cup.txt
333,http://tvonline.megavertvonline.net/live/,blocked-websites-MSM-world-cup.txt
334,http://myp2p.pw/,blocked-websites-MSM-world-cup.txt
335,http://nogomya.ch/,blocked-websites-MSM-world-cup.txt
336,http://www.p2p-hd.com/,blocked-websites-MSM-world-cup.txt
337,http://qmzhibo.com/,blocked-websites-MSM-world-cup.txt
338,http://rntplayer.com/,blocked-websites-MSM-world-cup.txt
339,http://www.rojadirecta.me/,blocked-websites-MSM-world-cup.txt
340,http://www.seezb.net/,blocked-websites-MSM-world-cup.txt
341,http://www.sport.net/,blocked-websites-MSM-world-cup.txt
342,http://sport5online.com/,blocked-websites-MSM-world-cup.txt
343,http://sportlemon.ge/,blocked-websites-MSM-world-cup.txt
344,http://sportlemontv.eu/,blocked-websites-MSM-world-cup.txt
345,http://sportlive.lt/,blocked-websites-MSM-world-cup.txt
346,http://www.sportlv.info/,blocked-websites-MSM-world-cup.txt
347,http://www.sportp2p.com/,blocked-websites-MSM-world-cup.txt
348,http://www.stopstream.tv/,blocked-websites-MSM-world-cup.txt
349,http://thefirstrow.biz/,blocked-websites-MSM-world-cup.txt
350,http://www.feed4u.net/,blocked-websites-MSM-world-cup.txt
351,http://www.time4tv.com/,blocked-websites-MSM-world-cup.txt
352,http://torrent-tv.ru,blocked-websites-MSM-world-cup.txt
353,http://tvaovivogratis.net,blocked-websites-MSM-world-cup.txt
354,http://tvonlinexat.com,blocked-websites-MSM-world-cup.txt
355,http://usagoals.tv,blocked-websites-MSM-world-cup.txt
356,http://vipbox.net,blocked-websites-MSM-world-cup.txt
357,http://vipboxuk.co,blocked-websites-MSM-world-cup.txt
358,http://wasu.cn,blocked-websites-MSM-world-cup.txt
359,http://www.wiziwig.tv/,blocked-websites-MSM-world-cup.txt
360,http://wszhibo.com/,blocked-websites-MSM-world-cup.txt
361,http://www.look-tvs.com/,blocked-websites-MSM-world-cup.txt
362,http://www.yaomtv.com.cn/,blocked-websites-MSM-world-cup.txt
363,http://www.zhiboche.com/,blocked-websites-MSM-world-cup.txt
364,http://zqnow.com/,blocked-websites-MSM-world-cup.txt
365,http://www.24livestreamtv.com/brazil-2014-fifa-world-cup-football-live-streaming-online-tv/,blocked-websites-MSM-world-cup.txt
366,http://acefootball.eu/,blocked-websites-MSM-world-cup.txt
367,http://al3ablive.info/,blocked-websites-MSM-world-cup.txt
368,http://atdhe.ru/,blocked-websites-MSM-world-cup.txt
369,http://atdhe.ge/,blocked-websites-MSM-world-cup.txt
370,http://atdhe.sx/,blocked-websites-MSM-world-cup.txt
371,http://atdhe.ws/,blocked-websites-MSM-world-cup.txt
372,http://bongdatructuyen.info/,blocked-websites-MSM-world-cup.txt
373,http://www.bongdatructuyen.vn/,blocked-websites-MSM-world-cup.txt
374,http://bongdatv.net/,blocked-websites-MSM-world-cup.txt
375,http://bongdaup.com/,blocked-websites-MSM-world-cup.txt
376,http://www.majika.biz/,blocked-websites-MSM-world-cup.txt
377,http://btvsports.com/,blocked-websites-MSM-world-cup.txt
378,http://canalesdetv.com/,blocked-websites-MSM-world-cup.txt
379,http://capodeportes.net/,blocked-websites-MSM-world-cup.txt
380,http://www.catedralhd.tk/,blocked-websites-MSM-world-cup.txt
381,http://www.cvhttp://eu/,blocked-websites-MSM-world-cup.txt
382,http://desistreams.tv/,blocked-websites-MSM-world-cup.txt
383,http://desportogratis.com/,blocked-websites-MSM-world-cup.txt
384,http://dinozap.com/,blocked-websites-MSM-world-cup.txt
385,http://drhtv.com.pl/,blocked-websites-MSM-world-cup.txt
386,http://epctv.com/,blocked-websites-MSM-world-cup.txt
387,http://zonasports.to/,blocked-websites-MSM-world-cup.txt
388,http://fancylive.com/,blocked-websites-MSM-world-cup.txt
389,http://feed2all.eu/,blocked-websites-MSM-world-cup.txt
390,http://www.firstrows.eu/,blocked-websites-MSM-world-cup.txt
391,http://firstrows.biz/,blocked-websites-MSM-world-cup.txt
392,http://firstrowsports.ge/,blocked-websites-MSM-world-cup.txt
393,http://footballhd.ru/,blocked-websites-MSM-world-cup.txt
394,http://footdirecthttp://com/,blocked-websites-MSM-world-cup.txt
395,http://freefootball.ws/,blocked-websites-MSM-world-cup.txt
396,http://freehdspor.com/,blocked-websites-MSM-world-cup.txt
397,http://freelivefussball.de/,blocked-websites-MSM-world-cup.txt
398,http://freelivesport.eu/,blocked-websites-MSM-world-cup.txt
399,http://fsicrew.info/,blocked-websites-MSM-world-cup.txt
400,http://fussball-live-streams.com/,blocked-websites-MSM-world-cup.txt
401,http://futbolarg.tv/,blocked-websites-MSM-world-cup.txt
402,http://www.futbol-envivo.com/,blocked-websites-MSM-world-cup.txt
403,http://futbolsinlimites.pw/,blocked-websites-MSM-world-cup.txt
404,http://futebolaovivogratis.org/,blocked-websites-MSM-world-cup.txt
405,http://goatd.net/,blocked-websites-MSM-world-cup.txt
406,http://hdembed.com/,blocked-websites-MSM-world-cup.txt
407,http://funkeysports.com/,blocked-websites-MSM-world-cup.txt
408,http://hdsports.me/,blocked-websites-MSM-world-cup.txt
409,http://www.hdstreams.tv/index.php,blocked-websites-MSM-world-cup.txt
410,http://iraqgoals.in/,blocked-websites-MSM-world-cup.txt
411,http://jokerplanete.com/,blocked-websites-MSM-world-cup.txt
412,http://lesoleildelanuit.wf/,blocked-websites-MSM-world-cup.txt
413,http://life-sport.org/,blocked-websites-MSM-world-cup.txt
414,http://livesportv.com/,blocked-websites-MSM-world-cup.txt
415,http://max-deportv.com/,blocked-websites-MSM-world-cup.txt
416,http://megaviptv.net/,blocked-websites-MSM-world-cup.txt
417,http://milloxtv.me/,blocked-websites-MSM-world-cup.txt
418,http://myp2p.cm/,blocked-websites-MSM-world-cup.txt
419,http://myp2p.ec/,blocked-websites-MSM-world-cup.txt
420,http://newsoccertv.com/,blocked-websites-MSM-world-cup.txt
421,http://nowwatchtvlive.com/,blocked-websites-MSM-world-cup.txt
422,http://onlinemoviesportsandtv.com/,blocked-websites-MSM-world-cup.txt
423,http://online-soccer.eu/,blocked-websites-MSM-world-cup.txt
424,http://portugaldesportivo.com/,blocked-websites-MSM-world-cup.txt
425,http://premier-league-live.net/,blocked-websites-MSM-world-cup.txt
426,http://qxzhibo.com/,blocked-websites-MSM-world-cup.txt
427,http://realtvsport.com/,blocked-websites-MSM-world-cup.txt
428,http://real-tv-sport.com/,blocked-websites-MSM-world-cup.txt
429,http://www.redzer.tv/,blocked-websites-MSM-world-cup.txt
430,http://s247.tv/,blocked-websites-MSM-world-cup.txt
431,http://sambasoccer.pw/,blocked-websites-MSM-world-cup.txt
432,http://skysport.tv/,blocked-websites-MSM-world-cup.txt
433,http://soccerembed.com/,blocked-websites-MSM-world-cup.txt
434,http://soccertoall.net/,blocked-websites-MSM-world-cup.txt
435,http://softsportstv.eu/,blocked-websites-MSM-world-cup.txt
436,http://www.sportsbeech.tv/,blocked-websites-MSM-world-cup.txt
437,http://sports-x.net/,blocked-websites-MSM-world-cup.txt
438,http://sportz-hd.eu/,blocked-websites-MSM-world-cup.txt
439,http://stadium-live.com/,blocked-websites-MSM-world-cup.txt
440,http://stream-foot.tv/,blocked-websites-MSM-world-cup.txt
441,http://streamhd.eu/,blocked-websites-MSM-world-cup.txt
442,http://streamking.org/,blocked-websites-MSM-world-cup.txt
443,http://todaytv.me/,blocked-websites-MSM-world-cup.txt
444,http://www.tvonlinepc.eu/,blocked-websites-MSM-world-cup.txt
445,http://totbet.net/,blocked-websites-MSM-world-cup.txt
446,http://tructiepbongda.com/,blocked-websites-MSM-world-cup.txt
447,http://tvembed.com/,blocked-websites-MSM-world-cup.txt
448,http://tvembed.eu/,blocked-websites-MSM-world-cup.txt
449,http://tv-link.in/,blocked-websites-MSM-world-cup.txt
450,http://tv-porinternet.com/,blocked-websites-MSM-world-cup.txt
451,http://tvsporthttp://info/,blocked-websites-MSM-world-cup.txt
452,http://u-peak.me/,blocked-websites-MSM-world-cup.txt
453,http://vipbox.co/,blocked-websites-MSM-world-cup.txt
454,http://vipracing.co.in/,blocked-websites-MSM-world-cup.txt
455,http://vtv4u.eu/,blocked-websites-MSM-world-cup.txt
456,http://whoopwhoop.tv/,blocked-websites-MSM-world-cup.txt
457,http://wiziwigfootball.com/,blocked-websites-MSM-world-cup.txt
458,http://imagessearchyahoo.com,kafila_maste_list.txt
459,http://imamalicom,kafila_maste_list.txt
460,http://rahulyadav.com,kafila_maste_list.txt
461,http://hinduhumanrights.org,kafila_maste_list.txt
462,http://nndh.com,kafila_maste_list.txt
463,http://bloodrovaltriped.com,kafila_maste_list.txt
464,http://merrimusings.typepad.com,kafila_maste_list.txt
465,http://thepiratescove.us,kafila_maste_list.txt
466,http://smeisp.cn,kafila_maste_list.txt
467,http://mobango.com,kafila_maste_list.txt
468,http://clickatell.com,kafila_maste_list.txt
469,http://commnicator.clickatell.com,kafila_maste_list.txt
470,http://dalitstan.org,kafila_maste_list.txt
471,http://mackers-world.com,kafila_maste_list.txt
472,http://hinduunity.org,kafila_maste_list.txt
473,http://mypetjawa.mu.nu,kafila_maste_list.txt
474,http://jonnyasp.com,kafila_maste_list.txt
475,http://google0.ingo,kafila_maste_list.txt
476,http://www.box.in,kafila_maste_list.txt
477,http://www.geocities.com/cpmimlpwg,kafila_maste_list.txt
478,http://www.geocities.com/cpmimlpwg/home.html,kafila_maste_list.txt
479,http://in.mobango.com,kafila_maste_list.txt
480,http://www.hinduunity.org,kafila_maste_list.txt
481,http://www.hinduunity.com,kafila_maste_list.txt
482,http://www.hinduunity.net,kafila_maste_list.txt
483,http://carc.org.in,kafila_maste_list.txt
484,http://www.yourfilehost.com,kafila_maste_list.txt
485,http://www.tv.tamilwire.com,kafila_maste_list.txt
486,http://www.savithabhabi.com,kafila_maste_list.txt
487,http://www.zone-h.org,kafila_maste_list.txt
488,http://zone-h.org,kafila_maste_list.txt
489,http://bloggernews.net/124029/,kafila_maste_list.txt
490,http://www.bloggernews.net/124029,kafila_maste_list.txt
491,http://www.bloggernews.net/124029/,kafila_maste_list.txt
492,http://www.google.co.in/#h1=en&source=hp&biw=1276&bih=843&q=dr+babasaheb+ambedkar+wallpaper&aq+4&aqi=g10&aql=&oq=dr+babas&gs_rfai=&fp=e791fe993fa412ba,kafila_maste_list.txt
493,http://www.submitlink.khatana.net/2010/09/jennifer-stano-is-engaged-to.html,kafila_maste_list.txt
494,http://www.cinemahd.net/desktop-enhancements/wallpaper/23945-wallpapers-beautiful-girl-wallpaper.html,kafila_maste_list.txt
495,http://www.chakpak.com/find/images/kamasutra-hindi-movie,kafila_maste_list.txt
496,http://www.result.khatana.net/2010/11/im-no-panty-girl-yana-gupta-wardrobe.html,kafila_maste_list.txt
497,http://www.facebook.com/pages/I-Hate-Ambedkar/172025102828076,kafila_maste_list.txt
498,http://www.arizona.indymedia.org/,kafila_maste_list.txt
499,http://www.indybay.org,kafila_maste_list.txt
500,http://www.complaintsboard.com/complaints/narang-access-pvt-ltd-chtml?sort=ratea.,kafila_maste_list.txt
501,http://dl.btjunkie.org/torrent/Bodyguard-2011-Hindi-Movie-SCR-1CD-CAM-RIP-DAY/3381072ca0b09a7e175bc5cc10fbcc660645,kafila_maste_list.txt
502,http://satishsethadag.blogspot.com/,kafila_maste_list.txt
503,http://satishseth.blogspot.com/,kafila_maste_list.txt
504,http://in.linkedin.com/in/satishseth,kafila_maste_list.txt
505,https://profiles.google.com/103976341793285625231/about,kafila_maste_list.txt
506,http://satishsethswan.blogspot.com/,kafila_maste_list.txt
507,http://in.linkedin.com/in/satishsethadag,kafila_maste_list.txt
508,http://digg.com/satishsethadag,kafila_maste_list.txt
509,http://digg.com/satishsethswan/submissions,kafila_maste_list.txt
510,http://in.linkedin.com/pub/satish-seth-investment/3a/144/931,kafila_maste_list.txt
511,http://www.blogger.com/profile/03550922789477190410,kafila_maste_list.txt
512,http://www.blogger-index.com/693616-satish-seth-adag,kafila_maste_list.txt
513,http://satishsethreliance.tumblr.com/,kafila_maste_list.txt
514,http://twitter.com/satishsethswan,kafila_maste_list.txt
515,http://www.metacafe.com/watch/7230576/joining_a_dancing_class_benefits/,kafila_maste_list.txt
516,http://www.myspace.com/video/satishsethswan/why-our-alsatian-dog-felt-restless-describes-satish-seth-swan/108188726,kafila_maste_list.txt
517,http://www.moneycontrol.com/stocks/cptmarket/searchpage/search.php?hl=3&companyname=Satish%20Seth&start=24,kafila_maste_list.txt
518,http://www.youtube.com/user/satishsatishseth?feature=mhee,kafila_maste_list.txt
519,http://www.tumblr.com/tagged/satish+seth,kafila_maste_list.txt
520,http://www.squidoo.com/satish-seth-at-his-adag-village,kafila_maste_list.txt
521,http://sites.google.com/site/satishsethreliance/journal-blog/satishsethrelianceonthisnicelittlerestaurantonhighway,kafila_maste_list.txt
522,http://www.blogger-index.com/search.php?s=satish+seth,kafila_maste_list.txt
523,http://satishsethadag.livejournal.com/,kafila_maste_list.txt
524,http://satishsethreliance.tumblr.com/tagged/Satish_Seth,kafila_maste_list.txt
525,http://satishsethreliance.blog.com/,kafila_maste_list.txt
526,http://parenting.feedables.com/story/8652112/Satish-Seth-Reliance-on-His-Dogs-for-Fun-and-Wisdom,kafila_maste_list.txt
527,http://sethadag.typepad.com/blog/,kafila_maste_list.txt
528,http://www.myspace.com/satishsethreliance,kafila_maste_list.txt
529,http://in.linkedin.com/in/satishsethswan,kafila_maste_list.txt
530,http://in.linkedin.com/pub/dir/?first=Satish&last=Seth,kafila_maste_list.txt
531,http://satishsethreliance.blogspot.com,kafila_maste_list.txt
532,http://sites.google.com/site/satishsethreliance/journal-blog/,kafila_maste_list.txt
533,http://digg.com/satishsethreliance,kafila_maste_list.txt
534,http://in.linkedin.com/in/satishsethreliance,kafila_maste_list.txt
535,http://satishsethadag.tumblr.com/,kafila_maste_list.txt
536,http://www.facebook.com/public/Satish-Seth-Adag,kafila_maste_list.txt
537,http://www.metacafe.com/channels/satishsethswan/,kafila_maste_list.txt
538,http://satishseth2gscamadagofficial.blogspot.com/,kafila_maste_list.txt
539,http://satishsethadag.blogspot.com/2011/08/satish-seth-worships-adag-friends-with.html,kafila_maste_list.txt
540,http://www.metacafe.com/watch/7210362/satish_seth_at_his_adag_amma_daddy_as_gods_home_with_pets/,kafila_maste_list.txt
541,http://www.metacafe.com/channels/Satish+Seth+Adag/,kafila_maste_list.txt
542,http://satishsethreliance.blogspot.com/2011/09/satish-seth-reliance-on-his-adag-amma.html,kafila_maste_list.txt
543,http://satishsethadag.blogspot.com/2011/09/sa-seth-wants-to-know-algorithm-of.html,kafila_maste_list.txt
544,http://satishsethadag.blogspot.com/2011/09/adagmant-tommy-not-listening-to-satish.html,kafila_maste_list.txt
545,http://in.linkedin.com/in/satishseth2gscamadagofficial,kafila_maste_list.txt
546,http://www.metacafe.com/channels/Satish+Seth/,kafila_maste_list.txt
547,http://www.bhandafodu.blogspot.com,kafila_maste_list.txt
548,http://www.bhandafodu.blogspot.com/,kafila_maste_list.txt
549,http://bhandafodu.blogspot.com/,kafila_maste_list.txt
550,http://drashukumar.files.wordpress.com/2011/10/who_got_shivani_killed.doc,kafila_maste_list.txt
551,http://drashukumar.files.wordpress.com/2011/10/ashokarorashivaniarticle.doc,kafila_maste_list.txt
552,http://www.unipay2u.com,kafila_maste_list.txt
553,http://www.unipay2u-international.com,kafila_maste_list.txt
554,http://www.unipay2u-trading.com,kafila_maste_list.txt
555,http://www.unipaygateway2u.com,kafila_maste_list.txt
556,http://www.unigold2u.com,kafila_maste_list.txt
557,http://www.unicreation2u.com,kafila_maste_list.txt
558,http://www.uniexchange2u.com,kafila_maste_list.txt
559,http://www.visarev.com,kafila_maste_list.txt
560,http://www.unipay2u-marketing-private-limited.com,kafila_maste_list.txt
561,http://www.vergingoldint.com,kafila_maste_list.txt
562,http://www.ad2earn.com,kafila_maste_list.txt
563,http://www.barandbench.com/brief//1804/delhi-hc-seeks-response-from-supreme-court-lawyer-for-criticizing-judge-,kafila_maste_list.txt
564,http://www.silobreaker.com/delhi-hc-seeks-response-from-supreme-court-lawyer-for-criticizing-judge-52264948356772003931,kafila_maste_list.txt
565,http://www.facebook.com/#!/pages/this-dog-will-get-more-fans-than-syad-ali-shah-geelani/219014304783271,kafila_maste_list.txt
566,http://songs.pk,kafila_maste_list.txt
567,http://shariah4hind.com,kafila_maste_list.txt
568,http://hinduexistence.wordpress.comhttp://t0.gstatic.com/images?q=tbn:ANd9GeSCH-Hre979-1xz2ymqpEgMP9x3y8A_P26brhMRiqcui34cqs1s,kafila_maste_list.txt
569,http://facebook.com/#!sonniyya/photos,kafila_maste_list.txt
570,http://facebook.com/media/set/?set=a.100002627423113&type=3,kafila_maste_list.txt
571,http://hinduexistence.wordpress.com/tag/the-telegraph-kolkata/www.hinduexistence.wordpress.com,kafila_maste_list.txt
572,http://epaper.telegraphindia.com/PUBLICATION/TT/TT/2012/03/INDEX.SHTML,kafila_maste_list.txt
573,http://hinduexistence.wordpress.com/2012/03/oh-not-again.jpg,kafila_maste_list.txt
574,http://t0.gstatic.com/images?q=tbn:ANd9GcSCH-Hre979-1xz2ymqpEgMP9x3y8A_P26brhMRiqcui34cqs1s,kafila_maste_list.txt
575,http://facebook.com/#!media/set/?set=a.100002627423113&type=3,kafila_maste_list.txt
576,http://t0.gstatic.com/images?q=tbn:ANd9GcSCh-tire979-,kafila_maste_list.txt
577,http://google.co.in/search?q=telegraphkolkatat2/20march2012&hl=en&prmd=imvns&source=inms&tbm=isch&ei=YvBqT-WxFtHjrAe5s5mdAg&sa=X&oi=modelink&ct=mode&cd=2&ved=0CBUQAU0AQ&biw=1843&bih=959,kafila_maste_list.txt
578,http://22beats.com,kafila_maste_list.txt
579,http://absongs.com,kafila_maste_list.txt
580,http://apniisp.com,kafila_maste_list.txt
581,http://apunkabollywood.com,kafila_maste_list.txt
582,http://bollyextreme.com,kafila_maste_list.txt
583,http://bollymaza.com,kafila_maste_list.txt
584,http://bollymaza.com/,kafila_maste_list.txt
585,http://bollywood-hits.com,kafila_maste_list.txt
586,http://bollywoodmpcom,kafila_maste_list.txt
587,http://bollywoodstop.com,kafila_maste_list.txt
588,http://coolgoose.com,kafila_maste_list.txt
589,http://dacoolsite.com,kafila_maste_list.txt
590,http://desihits.net,kafila_maste_list.txt
591,http://desifunda.net,kafila_maste_list.txt
592,http://desisong.com,kafila_maste_list.txt
593,http://dhakdhakradio.com,kafila_maste_list.txt
594,http://downloadming.com,kafila_maste_list.txt
595,http://freeindisongs.com,kafila_maste_list.txt
596,http://funmaza.com,kafila_maste_list.txt
597,http://songs.ind.in,kafila_maste_list.txt
598,http://karachimag.com,kafila_maste_list.txt
599,http://koolfree.com,kafila_maste_list.txt
600,http://lovepaki.com,kafila_maste_list.txt
601,http://mastmag.com,kafila_maste_list.txt
602,http://mobraja.com,kafila_maste_list.txt
603,http://mp3fundoo.com,kafila_maste_list.txt
604,http://mp3paradice.com,kafila_maste_list.txt
605,http://musicduniya.com,kafila_maste_list.txt
606,http://musiqbuzz.com,kafila_maste_list.txt
607,http://muskurahat.com,kafila_maste_list.txt
608,http://netmasty.com,kafila_maste_list.txt
609,http://pakfellows.com,kafila_maste_list.txt
610,http://paktimes.com,kafila_maste_list.txt
611,http://playlist.pk,kafila_maste_list.txt
612,http://punjabcentral.com,kafila_maste_list.txt
613,http://radioreloaded.com,kafila_maste_list.txt
614,http://radiorhythmz.fm,kafila_maste_list.txt
615,http://radiorocking.com,kafila_maste_list.txt
616,http://rkmania.com,kafila_maste_list.txt
617,http://songbox.pk,kafila_maste_list.txt
618,http://songsinn.com,kafila_maste_list.txt
619,http://songsnonstop.com,kafila_maste_list.txt
620,http://songsrack.com,kafila_maste_list.txt
621,http://songsrip.com,kafila_maste_list.txt
622,http://songzilla.com,kafila_maste_list.txt
623,http://topupmpcom,kafila_maste_list.txt
624,http://towncom,kafila_maste_list.txt
625,http://100india.com,kafila_maste_list.txt
626,http://musicindiaonline.com,kafila_maste_list.txt
627,http://aflatune.com,kafila_maste_list.txt
628,http://bharatlover.com,kafila_maste_list.txt
629,http://cckerala.com,kafila_maste_list.txt
630,http://centralmusiq.com,kafila_maste_list.txt
631,http://chimatamusic.com,kafila_maste_list.txt
632,http://desimusic.com,kafila_maste_list.txt
633,http://desishock.net,kafila_maste_list.txt
634,http://dhool.com,kafila_maste_list.txt
635,http://dishant.com,kafila_maste_list.txt
636,http://filmicafe.com,kafila_maste_list.txt
637,http://filmimusic.com,kafila_maste_list.txt
638,http://funcom,kafila_maste_list.txt
639,http://hindimirchi.com,kafila_maste_list.txt
640,http://sunomusic.com,kafila_maste_list.txt
641,http://telugufm.com,kafila_maste_list.txt
642,http://yolike.com,kafila_maste_list.txt
643,http://andhravillas.com,kafila_maste_list.txt
644,http://smashits.com,kafila_maste_list.txt
645,http://songdad.com,kafila_maste_list.txt
646,http://songslover.net,kafila_maste_list.txt
647,http://ragalahari.com,kafila_maste_list.txt
648,http://rameshmusic.com,kafila_maste_list.txt
649,http://freeplaymp3songdownload.com,kafila_maste_list.txt
650,http://freefundoo.com,kafila_maste_list.txt
651,http://desijammers.com,kafila_maste_list.txt
652,http://thenisai.com,kafila_maste_list.txt
653,http://mp3feelings.com,kafila_maste_list.txt
654,http://mazafm.com,kafila_maste_list.txt
655,http://kjyesudas.com,kafila_maste_list.txt
656,http://jaanfm.com,kafila_maste_list.txt
657,http://gr8click.com,kafila_maste_list.txt
658,http://funscrape.com,kafila_maste_list.txt
659,http://chirkutonorkut.com,kafila_maste_list.txt
660,http://tamilmaalai.com,kafila_maste_list.txt
661,http://tamilkey.info,kafila_maste_list.txt
662,http://vmusiq.com,kafila_maste_list.txt
663,http://sevanthi.com,kafila_maste_list.txt
664,http://tamilwire.com,kafila_maste_list.txt
665,http://a2ztamilsongs.com,kafila_maste_list.txt
666,http://mymaza.com,kafila_maste_list.txt
667,http://germantamilan.com,kafila_maste_list.txt
668,http://123music.mobi,kafila_maste_list.txt
669,http://desiden.mobi,kafila_maste_list.txt
670,http://longmpmobi,kafila_maste_list.txt
671,http://krazywap.com,kafila_maste_list.txt
672,http://mobile-zon.com,kafila_maste_list.txt
673,http://mympmobi,kafila_maste_list.txt
674,http://samwep.com,kafila_maste_list.txt
675,http://spicyfm.com,kafila_maste_list.txt
676,http://wapindia.net,kafila_maste_list.txt
677,http://wapmaza.mobi,kafila_maste_list.txt
678,http://waprocks.in,kafila_maste_list.txt
679,http://mobidreamz.com,kafila_maste_list.txt
680,http://waptamil.net,kafila_maste_list.txt
681,http://zinkwap.com,kafila_maste_list.txt
682,http://desibajao.net,kafila_maste_list.txt
683,http://gogrumogru.com,kafila_maste_list.txt
684,http://bollywood-hits.com/,kafila_maste_list.txt
685,http://songslover.com,kafila_maste_list.txt
686,http://www.facebook.com/pages/The-Real-Hindusm-FighterkuverDeepnayaningh/314528855253976,kafila_maste_list.txt
687,http://facebook.com/photo.php?fbid=2460992102663&set=0.314528855253976&type=1,kafila_maste_list.txt
688,http://facebook.com/photo.php?fbid=2460932541174%set=0.314528855253976&type=1#!photo.php?fbnid=2460904580475&set=0.314528855253976&type=1&permPage=1,kafila_maste_list.txt
689,http://facebook.com/pages/The-Real-Hindusm-FighterkuverDeepnayaningh/314528855253976,kafila_maste_list.txt
690,http://www.facebook.com/pages/The-Real-Hindusm-FighterkuverDeepnayaningh/314528855253976#!/photo.php?fbid=360284344011760&set=a.314528855253976&type=1&theater,kafila_maste_list.txt
691,http://facebook.com/pages/The-Real-Hindusm-FighterkuverDeepnayaningh/314528855253976#!/photo.php?fbid=360284344011760&set=a.314528855253976&type=1&theater,kafila_maste_list.txt
692,http://tamilcreation.com,kafila_maste_list.txt
693,http://tamilfms.com,kafila_maste_list.txt
694,http://tamilkuru.com,kafila_maste_list.txt
695,http://tamilmovierockers.com,kafila_maste_list.txt
696,http://tamilpeek.com,kafila_maste_list.txt
697,http://tamiltorrents.net,kafila_maste_list.txt
698,http://tamilvix.com,kafila_maste_list.txt
699,http://telugucinemascreen.in,kafila_maste_list.txt
700,http://telugunagar.com,kafila_maste_list.txt
701,http://telugustudio.net,kafila_maste_list.txt
702,http://telugu-theater.com,kafila_maste_list.txt
703,http://teluguwala.com,kafila_maste_list.txt
704,http://thepiratebay.ee,kafila_maste_list.txt
705,http://thiruttuvcd.com,kafila_maste_list.txt
706,http://thisiscom,kafila_maste_list.txt
707,http://tollytorrents.com,kafila_maste_list.txt
708,http://tollywoodandhra.in,kafila_maste_list.txt
709,http://tollyzone.com,kafila_maste_list.txt
710,http://torrent.cd,kafila_maste_list.txt
711,http://torrentbit.net,kafila_maste_list.txt
712,http://torrentcrazy.com,kafila_maste_list.txt
713,http://torrentdownloads.net,kafila_maste_list.txt
714,http://torrentdownloads.ws,kafila_maste_list.txt
715,http://torrentmatrix.com,kafila_maste_list.txt
716,http://torrentmonkeys.com,kafila_maste_list.txt
717,http://torrentr.eu,kafila_maste_list.txt
718,http://123tamilforum.com,kafila_maste_list.txt
719,http://180upload.com,kafila_maste_list.txt
720,http://3gpmovieswap.com,kafila_maste_list.txt
721,http://3gptamilmoviez.blogspot.in,kafila_maste_list.txt
722,http://adakoo.com,kafila_maste_list.txt
723,http://amonshare.com,kafila_maste_list.txt
724,http://andhragallerys.blogspot.in,kafila_maste_list.txt
725,http://apnadesitv.wordpress.com,kafila_maste_list.txt
726,http://apnaindia.com,kafila_maste_list.txt
727,http://ashoksmsking.blogspot.in,kafila_maste_list.txt
728,http://bitsnoop.com,kafila_maste_list.txt
729,http://bittorrent.am,kafila_maste_list.txt
730,http://bittrend.com,kafila_maste_list.txt
731,http://bulkdownloadz.blogspot.in,kafila_maste_list.txt
732,http://cinegallerys.blogspot.in,kafila_maste_list.txt
733,http://cinehall.net,kafila_maste_list.txt
734,http://cinemas-123andrawala.blogspot.in,kafila_maste_list.txt
735,http://cinerak.blogspot.in,kafila_maste_list.txt
736,http://cinereviewblogspot.in,kafila_maste_list.txt
737,http://coolgobo.blogspot.in,kafila_maste_list.txt
738,http://datacommunicationblogspot.in,kafila_maste_list.txt
739,http://depiraatbaai.be,kafila_maste_list.txt
740,http://desibuffer.com,kafila_maste_list.txt
741,http://downloadsguru.com,kafila_maste_list.txt
742,http://downloadsinglelinkmovies.blogspot.in,kafila_maste_list.txt
743,http://entertainment-blast.blogspot.in,kafila_maste_list.txt
744,http://etamilcine.blogspot.in,kafila_maste_list.txt
745,http://extratorrent.com,kafila_maste_list.txt
746,http://fenopy.eu,kafila_maste_list.txt
747,http://techsatish.net,kafila_maste_list.txt
748,http://telugumovieslive.com,kafila_maste_list.txt
749,http://telugustudio4u.blogspot.com,kafila_maste_list.txt
750,http://thalathalapathy.com,kafila_maste_list.txt
751,http://tollybolly.net,kafila_maste_list.txt
752,http://tollywoodbolly.blogspot.com,kafila_maste_list.txt
753,http://torentilo.com,kafila_maste_list.txt
754,http://torrent.dl4all.com,kafila_maste_list.txt
755,http://torrentdeluxe.com,kafila_maste_list.txt
756,http://torrenthouseblogspot.com,kafila_maste_list.txt
757,http://torrenthouseblogspot.in,kafila_maste_list.txt
758,http://torrents.sumotorrent.com,kafila_maste_list.txt
759,http://torrents.thepiratebay.se,kafila_maste_list.txt
760,http://torrentz.eu,kafila_maste_list.txt
761,http://tpb.piratenpartij.nl,kafila_maste_list.txt
762,http://tvcroom.com,kafila_maste_list.txt
763,http://uyirisai.com,kafila_maste_list.txt
764,http://videos.videomasti.net,kafila_maste_list.txt
765,http://videos2movies.com,kafila_maste_list.txt
766,http://vimeo.com,kafila_maste_list.txt
767,http://vishnu4s.blogspot.in,kafila_maste_list.txt
768,http://watchinvideobb.blogspot.com,kafila_maste_list.txt
769,http://watchinvideozer.blogspot.com,kafila_maste_list.txt
770,http://webfariscom,kafila_maste_list.txt
771,http://torrentroom.com,kafila_maste_list.txt
772,http://torrentsland.com,kafila_maste_list.txt
773,http://torrentssection.com,kafila_maste_list.txt
774,http://torrentsstate.com,kafila_maste_list.txt
775,http://torrenttracker.com,kafila_maste_list.txt
776,http://torrentv.org,kafila_maste_list.txt
777,http://torrentz.me,kafila_maste_list.txt
778,http://torrentzap.com,kafila_maste_list.txt
779,http://uyirvani.com,kafila_maste_list.txt
780,http://videoembed.us,kafila_maste_list.txt
781,http://videozer.om,kafila_maste_list.txt
782,http://vijaytamil.com,kafila_maste_list.txt
783,http://youbittorrent.com,kafila_maste_list.txt
784,http://zimbio.com,kafila_maste_list.txt
785,http://zustmovies.com,kafila_maste_list.txt
786,http://yampblog.blogspot.in,kafila_maste_list.txt
787,http://yourbittorrent.com,kafila_maste_list.txt
788,http://megavideo.com,kafila_maste_list.txt
789,http://torrentrockerz.com,kafila_maste_list.txt
790,http://lazydesis.com,kafila_maste_list.txt
791,http://indiancinemafans.com,kafila_maste_list.txt
792,http://da-pirates.com,kafila_maste_list.txt
793,http://spicybeats.com,kafila_maste_list.txt
794,http://indianmasti.net,kafila_maste_list.txt
795,http://videomasti.net,kafila_maste_list.txt
796,http://torrentz.com,kafila_maste_list.txt
797,http://extreemsongs.com,kafila_maste_list.txt
798,http://legendarydevils.com,kafila_maste_list.txt
799,http://umaenterainments.blogspot.com,kafila_maste_list.txt
800,http://turboshare.com,kafila_maste_list.txt
801,http://mallufmradio.com,kafila_maste_list.txt
802,http://movielist4u.com,kafila_maste_list.txt
803,http://crazyrockerz.com,kafila_maste_list.txt
804,http://rockerzadda.com,kafila_maste_list.txt
805,http://uniquwarez.com,kafila_maste_list.txt
806,http://movieswood.com,kafila_maste_list.txt
807,http://bergfiles.com,kafila_maste_list.txt
808,http://knforum.com,kafila_maste_list.txt
809,http://rapidtrend.com,kafila_maste_list.txt
810,http://warezlobby.org,kafila_maste_list.txt
811,http://fileurl.me,kafila_maste_list.txt
812,http://filmmasti.us,kafila_maste_list.txt
813,http://fixedmark.com,kafila_maste_list.txt
814,http://forumsdesitv.com,kafila_maste_list.txt
815,http://freedlforall.blogspot.in,kafila_maste_list.txt
816,http://full2moviez.blogspot.in,kafila_maste_list.txt
817,http://funztophits.blogspot.in,kafila_maste_list.txt
818,http://geo-super-liveblogspot.in,kafila_maste_list.txt
819,http://ginbig.com,kafila_maste_list.txt
820,http://h33t.com,kafila_maste_list.txt
821,http://hinditvlinks4u.ch,kafila_maste_list.txt
822,http://idirectdownload.com,kafila_maste_list.txt
823,http://ifiles.com,kafila_maste_list.txt
824,http://indiancinezone.com,kafila_maste_list.txt
825,http://indiawebtv.net,kafila_maste_list.txt
826,http://isohunt.com,kafila_maste_list.txt
827,http://justdownloadmovies.blogspot.in,kafila_maste_list.txt
828,http://kat.ph,kafila_maste_list.txt
829,http://latestmoviecenter.blogspot.in,kafila_maste_list.txt
830,http://latestnewsstock.com,kafila_maste_list.txt
831,http://live.tamil.movies.oruwebsite.com,kafila_maste_list.txt
832,http://malaysiabay.org,kafila_maste_list.txt
833,http://moviejockey.com,kafila_maste_list.txt
834,http://moviejocky.in,kafila_maste_list.txt
835,http://movies.andhrawala.net,kafila_maste_list.txt
836,http://movies.hitorphat.in,kafila_maste_list.txt
837,http://movies.mblogi.com,kafila_maste_list.txt
838,http://moviesberg.net,kafila_maste_list.txt
839,http://moviesdownloads4free.blogspot.com,kafila_maste_list.txt
840,http://moviessharefb.blogspot.in,kafila_maste_list.txt
841,http://movreel.com,kafila_maste_list.txt
842,http://newtelugutorrents.blogspot.in,kafila_maste_list.txt
843,http://njoycinma.blogspot.in,kafila_maste_list.txt
844,http://nowwatchtvlive.com,kafila_maste_list.txt
845,http://onlinefreewatchmovies.com,kafila_maste_list.txt
846,http://online-movie-stream.blogspot.in,kafila_maste_list.txt
847,http://onlinemoviezfreee.blogspot.in,kafila_maste_list.txt
848,http://onlinewatchmoviesnow.com,kafila_maste_list.txt
849,http://oruwebsite-tamil.blogspot.in,kafila_maste_list.txt
850,http://osthe.com,kafila_maste_list.txt
851,http://pastebin.com,kafila_maste_list.txt
852,http://youku.com,kafila_maste_list.txt
853,http://360tamiltv.com,kafila_maste_list.txt
854,http://addshare.net,kafila_maste_list.txt
855,http://ahashare.com,kafila_maste_list.txt
856,http://alltamil.com,kafila_maste_list.txt
857,http://amaderforum.com,kafila_maste_list.txt
858,http://apden.com,kafila_maste_list.txt
859,http://btscene.eu,kafila_maste_list.txt
860,http://click2down.net,kafila_maste_list.txt
861,http://desicorner.net,kafila_maste_list.txt
862,http://desifunz.net,kafila_maste_list.txt
863,http://desinapster.com,kafila_maste_list.txt
864,http://desirulez.net,kafila_maste_list.txt
865,http://desitara.com,kafila_maste_list.txt
866,http://desitorrents.com,kafila_maste_list.txt
867,http://desivideohub.com,kafila_maste_list.txt
868,http://dhloga.com,kafila_maste_list.txt
869,http://downloadprovider.me,kafila_maste_list.txt
870,http://downloadsmasti.com,kafila_maste_list.txt
871,http://filestube.com,kafila_maste_list.txt
872,http://footbo.com,kafila_maste_list.txt
873,http://freeaudiosongs.in,kafila_maste_list.txt
874,http://freeonlinemoviestore.com,kafila_maste_list.txt
875,http://freshtolly.in,kafila_maste_list.txt
876,http://fulldls.com,kafila_maste_list.txt
877,http://gaanam.net,kafila_maste_list.txt
878,http://garammagaram.com,kafila_maste_list.txt
879,http://gotamil.net,kafila_maste_list.txt
880,http://hqindianmovies.com,kafila_maste_list.txt
881,http://jaytamil.com,kafila_maste_list.txt
882,http://stadium-live.com,medianama2.txt
883,http://tvembed.com,medianama2.txt
884,http://u-peak.me,medianama2.txt
885,http://zonasports.to,medianama2.txt
886,http://softsportstv.eu,medianama2.txt
887,http://sports-x.net,medianama2.txt
888,http://sportz-hd.eu,medianama2.txt
889,http://totbed.edu,medianama2.txt
890,http://tvembed.eu,medianama2.txt
891,http://tv-porinternet.com,medianama2.txt
892,http://vipbox.co,medianama2.txt
893,http://vtv4u.eu,medianama2.txt
894,http://whoopwhoop.tv,medianama2.txt
895,http://bayfiles.com,medianama2.txt
896,http://d01.megasgares.com,medianama2.txt
897,http://sharerpo.com,medianama2.txt
898,http://nosvideo.net,medianama2.txt
899,http://barcelonastream.com,medianama2.txt
900,http://hdembed.com,medianama2.txt
901,http://s247.tv,medianama2.txt
902,http://sambasoccer.pw,medianama2.txt
903,http://skysports.tv,medianama2.txt
904,http://kickasstorrents.com.in,medianama2.txt
905,http://desistreams.tv,medianama2.txt
906,http://streamhd.eu,medianama2.txt
907,http://atdhe.eu,medianama2.txt
908,http://atdhe.so,medianama2.txt
909,http://atdhe.xxx,medianama2.txt
910,http://atdhe24.net,medianama2.txt
911,http://azhibo.com,medianama2.txt
912,http://coolsport.tv,medianama2.txt
913,http://tvole.com,medianama2.txt
914,http://drakulastream.eu,medianama2.txt
915,http://esportesaovivo.com,medianama2.txt
916,http://feed2all.eu,medianama2.txt
917,http://gooool.org,medianama2.txt
918,http://hahasport.com,medianama2.txt
919,http://neolive.net,medianama2.txt
920,http://kanqiu.tv,medianama2.txt
921,http://livesport4u.com,medianama2.txt
922,http://livetv.sx,medianama2.txt
923,http://meczelive.tv,medianama2.txt
924,http://megatvonline.co,medianama2.txt
925,http://vertvaovivo.biz,medianama2.txt
926,http://epctv.com,medianama2.txt
927,http://fancylive.com,medianama2.txt
928,http://firstrows.biz,medianama2.txt
929,http://firstrowsports.ge,medianama2.txt
930,http://footballhd.ru,medianama2.txt
931,http://freefootball.ws,medianama2.txt
932,http://freelivefussball.de,medianama2.txt
933,http://freelivesport.eu,medianama2.txt
934,http://futbolarg.tv,medianama2.txt
935,http://footballsinlimites.pw,medianama2.txt
936,http://goatd.net,medianama2.txt
937,http://funkeysports.com,medianama2.txt
938,http://hdstreams.tv,medianama2.txt
939,http://iraqgoals.in,medianama2.txt
940,http://lesoleildelanuit.wf,medianama2.txt
941,http://life-sport.org,medianama2.txt
942,http://max-deportv.com,medianama2.txt
943,http://megaviptv.net,medianama2.txt
944,http://milloxtv.me,medianama2.txt
945,http://online--soccer.eu,medianama2.txt
946,http://premier-league-live.net,medianama2.txt
947,http://real-tv-sport.com,medianama2.txt
948,http://soccertoall.net,medianama2.txt
949,http://p2p-hd.com,medianama2.txt
950,http://qmzhibo.com,medianama2.txt
951,http://rojadirecta.me,medianama2.txt
952,http://sport5online.com,medianama2.txt
953,http://sportiemon.ge,medianama2.txt
954,http://sportlemontv.eu,medianama2.txt
955,http://sportp2p.com,medianama2.txt
956,http://feed4u.net,medianama2.txt
957,http://24livestreamtv.com,medianama2.txt
958,http://atdhe.ge,medianama2.txt
959,http://atdhe.sx,medianama2.txt
960,http://atdhe.ws,medianama2.txt
961,http://bongdatructuyen.info,medianama2.txt
962,http://bongdatructuyen.vn,medianama2.txt
963,http://bongdatv.net,medianama2.txt
964,http://bongdaup.com,medianama2.txt
965,http://majika.biz,medianama2.txt
966,http://btvsports.com,medianama2.txt
967,http://capodeportes.net,medianama2.txt
968,http://catedralhd.tk,medianama2.txt
969,http://desportogratis.com,medianama2.txt
970,http://dinozap.com,medianama2.txt
971,http://streamking.org,medianama2.txt
972,http://tructiepbongda.com,medianama2.txt
973,http://tv-link.in,medianama2.txt
974,http://vipracing.co.in,medianama2.txt
975,https://justpaste.it/,toi_govt_block_32_websites.txt
976,http://hastebin.com,toi_govt_block_32_websites.txt
977,http://codepad.com,toi_govt_block_32_websites.txt
978,http://pastie.org,toi_govt_block_32_websites.txt
979,http://pastee.org,toi_govt_block_32_websites.txt
980,http://paste2.org,toi_govt_block_32_websites.txt
981,http://slexy.org,toi_govt_block_32_websites.txt
982,http://paste4btc.com,toi_govt_block_32_websites.txt
983,http://0bin.net,toi_govt_block_32_websites.txt
984,http://heypasteit.com,toi_govt_block_32_websites.txt
985,http://sourceforge.net/projects/phorkie,toi_govt_block_32_websites.txt
986,http://atnsoft.com/textpaster,toi_govt_block_32_websites.txt
987,"http://archive,org",toi_govt_block_32_websites.txt
988,http://www.hpage.com,toi_govt_block_32_websites.txt
989,http://www.ipage.com,toi_govt_block_32_websites.txt
990,http://www.webs.com,toi_govt_block_32_websites.txt
991,http://www.weebly.com,toi_govt_block_32_websites.txt
992,http://www.000webhost.com,toi_govt_block_32_websites.txt
993,http://www.freehosting.com,toi_govt_block_32_websites.txt
994,http://www.dailymotion.com,toi_govt_block_32_websites.txt
995,https://gist.github.com,toi_govt_block_32_websites.txt
996,http://www.ipaste.eu,toi_govt_block_32_websites.txt
997,http://thesnippetapp.com,toi_govt_block_32_websites.txt
998,http://snipt.net,toi_govt_block_32_websites.txt
999,https://github.com,toi_govt_block_32_websites.txt
1000,http://snipplr.com,toi_govt_block_32_websites.txt
1001,http://termbin.com,toi_govt_block_32_websites.txt
1002,http://www.snippetsource.net,toi_govt_block_32_websites.txt
1003,https://cryptbin.com,toi_govt_block_32_websites.txt
1004,,toi_govt_block_32_websites.txt
